{
	"origins": [
		{ "name": "Lizard Nomad",
		  "skillNames": ["Cooking","Horses"],
			"wealth": 0,
		  "complications": ["Cold Blooded"] },
		{ "name": "Germinant",
			  "skillNames": ["Germinate","Unnatural Growth"],
				"wealth": 0,
			  "complications": ["Solar Powered"] },
	  { "name": "Child of the Governor",
				  "skillNames": ["Famous Friends"],
					"wealth": 1,
				  "complications": ["Spoiled"] },
		{ "name": "Born at Sea",
		  "skillNames": ["Sailing","Languages"],
			"wealth": 0,
			"complications": ["Alcoholic"] },
		{ "name": "Shade",
			"skillNames": ["Stealth","Ancient History"],
			"wealth": 0,
			"complications": ["Incorporeal","Unfocused"] },
		{ "name": "Chem",
			"skillNames": ["Deep Analysis","Endure Extreme Conditions"],
			"wealth": 0,
			"complications": ["Inhuman", "Irreparable"] },
		{ "name": "Human",
			"skillNames": ["Cantrips"],
			"freeformSkill": true,
			"freeformComplication": true,
			"wealth": 0,
			"complications": [] },
		{ "name": "Bodyswapper",
			"skillNames": ["Bodyswap","Seduction","Deception","Impersonation"],
			"wealth": 0,
			"complications": ["Reviled","Double Life"] },
		{ "name": "Pel Jin",
			"skillNames": ["Ancient Tech","Healing Factor"],
			"wealth": 0,
			"complications": ["Fish Out Of Water"] },
		{ "name": "Undead",
			"skillNames": ["Bloodsucking", "Faking Death", "Infecting", "Limited Shapeshifting", "Being Totally Spooky"],
			"wealth": 0,
			"complications": ["Stench of the Grave", "Insatiable Bloodlust", "The World is Full Of Prejudice", "Flesh Deficiency", "Fatal Garlic Allergy"]},
		{ "name": "Dwarf",
			"skillNames": ["Drunking","Metalworking","Singing","Tunneling"],
			"wealth": 0,
			"complications": ["Dwarven Supremacy"] },
		{ "name": "Elf",
			"skillNames": ["Archery","Singing","History of the Ages", "Animal Handling"],
			"wealth": 0,
			"complications": ["Elvish Supremacy"] },
		{ "name": "Monster-person",
			"skillNames": ["Revulsion","Intimidation","Anatomy Skill"],
			"wealth": 0,
			"complications": ["The World is Full of Prejudice","Anatomical Complication"] }

		]
}
